{

    "metadata" :
    {
        "formatVersion" : 3.1,
        "sourceFile"    : "statue.obj",
        "generatedBy"   : "OBJConverter",
        "vertices"      : 178,
        "faces"         : 202,
        "normals"       : 116,
        "colors"        : 0,
        "uvs"           : 0,
        "materials"     : 1
    },

    "scale" : 1.000000,

    "materials": [	{
	"DbgColor" : 15658734,
	"DbgIndex" : 0,
	"DbgName" : "Material.001",
	"colorAmbient" : [1.0, 1.0, 1.0],
	"colorDiffuse" : [0.64, 0.64, 0.64],
	"colorSpecular" : [0.5, 0.5, 0.5],
	"illumination" : 2,
	"opacity" : 0.0,
	"opticalDensity" : 1.0,
	"specularCoef" : 94.117647,
	"transparent" : true
	}],

    "vertices": [-11.020060,11.504682,-11.587798,11.176451,11.504682,-11.587798,11.176451,27.524683,-11.587795,-11.020060,27.524683,-11.587795,-7.931810,6.698683,-16.393797,8.088190,6.698683,-16.393789,16.098200,34.985126,-44.680233,-15.941800,34.985126,-44.680233,-11.135799,38.383476,-48.078583,11.292200,38.383488,-48.078583,11.843200,18.026533,-27.721638,7.024440,12.362614,-22.057718,-15.941800,23.657274,-33.352386,-12.678680,30.824495,-40.519604,-12.678690,28.036158,-37.731266,5.960700,18.026533,-27.721638,0.078200,23.657274,-33.352375,16.098200,23.657274,-33.352375,20.904200,40.592129,-39.073219,20.904200,29.264273,-27.745386,-20.747799,29.264273,-27.745386,-20.747799,40.592129,-39.073235,-11.135799,54.403488,-48.078583,11.292200,54.403488,-48.078583,-11.686810,18.026533,-27.721647,-14.093519,62.413475,-40.068577,14.249920,62.413475,-40.068577,-9.317590,62.413471,-26.329720,9.473990,62.413471,-26.329710,-5.096340,54.403477,-18.319719,5.252740,54.403484,-18.319710,-6.617880,54.403473,-11.554622,6.774270,54.403481,-11.554612,6.774270,54.403481,-0.225061,21.957249,54.403473,-0.225061,21.957249,54.403473,-11.554612,13.078470,41.833874,-23.032543,-12.922070,41.833874,-23.032553,-6.868060,12.362604,-22.057718,-5.804310,18.026533,-27.721647,-2.912300,18.026535,-29.302467,3.068690,18.026535,-29.302458,-6.336180,15.194564,-24.889688,6.492570,15.194573,-24.889677,7.024450,15.146594,-22.101938,-6.868060,15.146584,-22.101938,12.835079,30.824495,-40.519596,12.835079,30.824495,-38.251598,0.078200,30.824495,-38.251598,0.078200,28.036158,-37.731266,12.835079,28.036158,-37.731266,-12.678680,30.824495,-38.251598,-6.617880,54.403473,-0.225071,-6.617880,54.403469,18.355009,6.774270,54.403469,18.355019,11.176451,27.524681,-0.258246,-11.020060,27.524681,-0.258246,-21.800850,54.403473,-0.225071,-21.483780,47.568813,-0.258242,11.176451,27.524677,18.321835,-11.020060,27.524677,18.321825,-11.020070,-0.062193,18.321821,11.176451,-0.062183,18.321831,-11.020070,-0.062180,-0.258250,11.176451,-0.062180,-0.258250,40.080379,54.403473,-0.225061,34.691261,54.403473,-11.554612,-21.800850,54.403473,-11.554622,-21.483780,47.568813,-11.587792,-34.033230,47.568821,-11.587792,-34.534851,54.403481,-11.554622,21.640169,47.568821,-11.587792,21.640169,47.568813,-0.258242,39.500648,47.568813,-0.258242,80.178192,47.568821,-48.347862,80.178192,54.403481,-48.314693,-39.923981,54.403481,-0.225071,-72.750542,54.259998,-54.259010,-80.021812,54.403488,-48.314693,34.189621,47.568813,-11.587792,-39.344261,47.568821,-0.258242,72.168190,54.259998,-54.259003,80.143417,54.530941,-81.590149,72.133415,54.387463,-81.590141,-72.223389,47.712318,-54.290794,-72.046593,47.839783,-81.590157,-72.046593,54.387463,-81.590157,72.168190,47.712311,-54.290794,-80.021812,47.568829,-48.347870,-80.056595,54.530952,-81.590157,80.143417,47.696281,-81.590149,72.133415,47.839771,-81.590149,-80.056595,47.696301,-81.590157,11.106900,11.449856,-151.592529,-11.089621,11.449865,-151.592529,-11.089621,27.469866,-151.592529,11.106900,27.469854,-151.592529,8.018641,6.643854,-146.786530,-8.001360,6.643854,-146.786530,-16.011360,34.930298,-118.500069,16.028629,34.930290,-118.500069,11.222630,38.328640,-115.101707,-11.205359,38.328651,-115.101723,-11.756371,17.971712,-135.458664,-6.937610,12.307782,-141.122589,16.028629,23.602440,-129.827911,12.765520,30.769657,-122.660698,12.765520,27.981321,-125.449043,-5.873870,17.971703,-135.458664,0.008640,23.602440,-129.827942,-16.011360,23.602451,-129.827942,-20.817360,40.537300,-124.107079,-20.817360,29.209454,-135.434937,20.834639,29.209444,-135.434921,20.834639,40.537289,-124.107063,11.222640,54.348640,-115.101707,-11.205359,54.348652,-115.101723,11.773640,17.971703,-135.458664,14.180360,62.358639,-123.111710,-14.163080,62.358650,-123.111710,9.404429,62.358654,-136.850571,-9.387150,62.358654,-136.850601,5.183180,54.348656,-144.860565,-5.165900,54.348656,-144.860580,6.704710,54.348656,-151.625687,-6.687440,54.348656,-151.625687,-6.687430,54.348660,-162.955231,-21.870411,54.348660,-162.955231,-21.870411,54.348656,-151.625687,-12.991630,41.779053,-140.147766,13.008910,41.779045,-140.147766,6.954890,12.307782,-141.122589,5.891140,17.971703,-135.458664,2.999130,17.971701,-133.877853,-2.981860,17.971701,-133.877853,6.423010,15.139744,-138.290634,-6.405740,15.139744,-138.290634,-6.937610,15.091763,-141.078369,6.954890,15.091763,-141.078369,-12.748250,30.769670,-122.660706,-12.748250,30.769672,-124.928719,0.008640,30.769659,-124.928719,0.008640,27.981321,-125.449043,-12.748250,27.981331,-125.449043,12.765520,30.769659,-124.928703,6.704720,54.348660,-162.955231,6.704720,54.348663,-181.535294,-6.687430,54.348663,-181.535309,-11.089610,27.469868,-162.922073,11.106900,27.469856,-162.922073,21.887701,54.348648,-162.955231,21.570621,47.513988,-162.922058,-11.089610,27.469872,-181.502151,11.106900,27.469860,-181.502151,11.106900,-0.117000,-181.502151,-11.089621,-0.117000,-181.502151,11.106900,-0.117003,-162.922073,-11.089621,-0.117003,-162.922073,-39.993549,54.348667,-162.955231,-34.604420,54.348663,-151.625687,21.887691,54.348644,-151.625687,21.570621,47.513985,-151.592514,34.120071,47.513985,-151.592514,34.621689,54.348644,-151.625671,-21.553329,47.513992,-151.592514,-21.553329,47.513996,-162.922058,-39.413818,47.513996,-162.922058,-80.091362,47.514000,-114.832443,-80.091362,54.348660,-114.865608,40.010811,54.348648,-162.955231,72.837364,54.205151,-108.921272,80.108643,54.348640,-114.865601,-34.102791,47.513992,-151.592514,39.431099,47.513988,-162.922058,-72.081367,54.205170,-108.921303,80.108643,47.513981,-114.832436,-72.081367,47.657482,-108.889526,72.310211,47.657459,-108.889496],

    "morphTargets": [],

    "morphColors": [],