{

    "metadata" :
    {
        "formatVersion" : 3.1,
        "sourceFile"    : "porte.obj",
        "generatedBy"   : "OBJConverter",
        "vertices"      : 56,
        "faces"         : 54,
        "normals"       : 20,
        "colors"        : 0,
        "uvs"           : 0,
        "materials"     : 1
    },

    "scale" : 1.000000,

    "materials": [	{
	"DbgColor" : 15658734,
	"DbgIndex" : 0,
	"DbgName" : "None.001",
	"colorAmbient" : [0.0, 0.0, 0.0],
	"colorDiffuse" : [0.8, 0.8, 0.8],
	"colorSpecular" : [0.8, 0.8, 0.8],
	"illumination" : 2,
	"opacity" : 0.0,
	"opticalDensity" : 1.0,
	"specularCoef" : 0.0,
	"transparent" : true
	}],

    "vertices": [8.220510,42.516319,26.488457,7.276040,22.500816,24.382984,6.441090,22.500816,22.521643,0.034830,42.516323,8.240316,8.220500,1.271746,26.488449,7.276040,21.287256,24.382984,0.034820,1.271749,8.240310,6.441090,21.287256,22.521643,9.083799,42.516319,26.101208,0.898120,42.516323,7.853067,7.304380,22.500816,22.134384,8.139330,22.500816,23.995724,9.083799,1.271746,26.101200,8.139330,21.287256,23.995724,0.898120,1.271749,7.853050,7.304380,21.287256,22.134384,9.049400,21.287256,23.587494,8.214450,21.287256,21.726154,9.049400,22.500816,23.587494,8.214450,22.500816,21.726154,6.550770,21.287256,24.708313,6.550770,22.500816,24.708313,5.715820,21.287256,22.846973,5.715820,22.500816,22.846973,5.816840,21.287256,25.037542,5.816840,22.500816,25.037542,4.981880,22.500816,23.176205,4.981880,21.287256,23.176205,4.877870,20.890726,20.905243,4.143930,20.890726,21.234474,4.143930,22.104286,21.234474,4.877870,22.104286,20.905243,10.042230,21.287256,23.142134,9.207280,21.287256,21.280792,9.207280,22.500816,21.280792,10.042230,22.500816,23.142134,7.178540,22.227427,19.737394,8.171360,22.227427,19.292044,8.171360,21.013866,19.292044,7.178540,21.013866,19.737394,0.015330,0.000002,-10.000000,0.015330,1.243451,-8.376830,0.015330,1.243449,8.376830,0.015330,-0.000002,10.000000,0.015330,44.248398,-9.999992,0.015330,42.684101,-8.376823,0.015330,42.684101,8.376837,0.015330,44.248398,10.000008,-1.606450,0.000002,-10.000000,-1.606450,-0.000002,10.000000,-1.606450,1.243449,8.376830,-1.606450,1.243451,-8.376830,-1.606450,42.684101,-8.376823,-1.606450,44.248398,-9.999992,-1.606450,44.248398,10.000008,-1.606450,42.684101,8.376837],

    "morphTargets": [],

    "morphColors": [],

    "normals": [0.9124,-0,-0.4093,-0.9124,-0,0.4093,-0,-1,0,0,1,0,-0.4093,0,-0.9124,0.4093,0,0.9124,-0.0754,0.9829,-0.1682,0.0754,-0.9829,0.1682,0.9182,0,-0.3962,-0.9182,0,0.3962,0.0496,-0.9926,0.1106,-0.0496,0.9926,-0.1106,0.8869,0,-0.462,-0.8869,0,0.462,1,0,0,-1,-0,0,0,1,0,0,0,-1,0,-1,-0,0,-0,1],

    "colors": [],

    "uvs": [[]],

    "faces": [35,0,1,2,3,0,0,0,0,0,35,4,5,1,0,0,0,0,0,0,35,6,7,5,4,0,0,0,0,0,35,3,2,7,6,0,0,0,0,0,35,8,9,10,11,0,1,1,1,1,35,12,8,11,13,0,1,1,1,1,35,14,12,13,15,0,1,1,1,1,35,9,14,15,10,0,1,1,1,1,35,0,3,9,8,0,2,2,2,2,35,15,13,16,17,0,3,3,3,3,35,13,11,18,16,0,4,4,4,4,35,4,0,8,12,0,4,4,4,4,35,6,4,12,14,0,3,3,3,3,35,11,10,19,18,0,2,2,2,2,35,10,15,17,19,0,5,5,5,5,35,3,6,14,9,0,5,5,5,5,35,1,5,20,21,0,4,4,4,4,35,5,7,22,20,0,3,3,3,3,35,7,2,23,22,0,5,5,5,5,35,2,1,21,23,0,2,2,2,2,35,21,20,24,25,0,4,4,4,4,35,23,21,25,26,0,2,2,2,2,35,20,22,27,24,0,3,3,3,3,35,27,22,28,29,0,6,6,6,6,35,23,26,30,31,0,7,7,7,7,35,24,27,26,25,0,0,0,0,0,35,29,30,26,27,0,8,8,8,8,35,23,31,28,22,0,9,9,9,9,35,30,29,28,31,0,5,5,5,5,35,17,16,32,33,0,3,3,3,3,35,18,19,34,35,0,2,2,2,2,35,16,18,35,32,0,4,4,4,4,35,34,19,36,37,0,10,10,10,10,35,17,33,38,39,0,11,11,11,11,35,17,39,36,19,0,12,12,12,12,35,38,37,36,39,0,5,5,5,5,35,37,38,33,34,0,13,13,13,13,35,32,35,34,33,0,1,1,1,1,35,40,41,42,43,0,14,14,14,14,35,40,44,45,41,0,14,14,14,14,35,42,46,47,43,0,14,14,14,14,35,47,46,45,44,0,14,14,14,14,35,48,49,50,51,0,15,15,15,15,35,48,51,52,53,0,15,15,15,15,35,50,49,54,55,0,15,15,15,15,35,54,53,52,55,0,15,15,15,15,35,47,44,53,54,0,16,16,16,16,35,46,42,50,55,0,17,17,17,17,35,44,40,48,53,0,17,17,17,17,35,40,43,49,48,0,18,18,18,18,35,45,46,55,52,0,18,18,18,18,35,43,47,54,49,0,19,19,19,19,35,41,45,52,51,0,19,19,19,19,35,42,41,51,50,0,16,16,16,16]

}
