{
    "name": "Mesh.002Geometry",
    "faces": [32,41,51,50,0,1,2,32,26,23,24,3,4,5,32,7,0,8,6,7,8,32,12,13,21,9,10,11,32,10,3,5,12,13,14,32,37,29,36,15,16,17,32,16,18,19,18,19,20,32,45,48,47,21,22,23,32,55,52,57,24,25,26,32,39,32,31,27,28,29,32,23,52,53,4,25,30,32,28,57,52,31,26,25,32,47,48,19,23,22,20,32,16,45,40,18,21,32,32,0,29,30,7,16,33,32,41,42,13,0,34,10,32,15,44,45,35,36,21,32,7,36,29,6,17,16,32,3,32,33,13,28,37,32,9,38,39,38,39,27,32,37,38,9,15,39,38,32,11,40,41,40,32,0,32,55,56,27,24,41,42,32,43,44,15,43,36,35,32,46,47,18,44,23,19,32,4,33,34,45,37,46,32,2,31,32,47,29,28,32,30,31,2,33,29,47,32,19,48,49,20,22,48,32,39,37,8,27,15,8,32,54,55,26,49,24,3,32,53,54,25,30,49,50,32,20,49,50,51,48,2,32,42,43,14,34,43,52,32,51,46,17,1,44,53,32,56,57,28,41,26,31,32,35,36,7,54,17,6,32,21,50,51,11,2,1,32,34,35,6,46,54,55,32,42,41,50,34,0,2,32,50,49,42,2,48,34,32,26,27,28,3,42,31,32,24,25,26,5,50,3,32,26,28,23,3,31,4,32,8,9,7,8,38,6,32,6,7,9,55,6,38,32,17,18,16,53,19,18,32,15,19,20,35,20,51,32,17,16,11,53,18,40,32,14,15,20,52,35,51,32,22,17,12,56,53,9,32,14,20,13,52,51,10,32,17,11,12,53,40,9,32,13,20,21,10,51,11,32,21,22,12,11,56,9,32,8,0,2,8,7,47,32,6,9,10,55,38,12,32,0,1,2,7,57,47,32,5,6,10,14,55,12,32,10,8,2,12,8,47,32,3,4,5,13,45,14,32,10,2,3,12,47,13,32,36,35,38,17,54,39,32,38,37,36,39,15,17,32,35,34,38,54,46,39,32,15,16,19,35,18,20,32,43,42,49,43,34,48,32,51,41,46,1,0,44,32,44,43,49,36,43,48,32,46,41,40,44,0,32,32,44,49,48,36,48,22,32,46,40,45,44,32,21,32,45,44,48,21,36,22,32,47,46,45,23,44,21,32,55,54,53,24,49,30,32,57,56,55,26,41,24,32,55,53,52,24,30,25,32,30,29,31,33,16,29,32,39,38,34,27,39,46,32,31,29,37,29,16,15,32,39,34,32,27,46,28,32,31,37,39,29,15,27,32,34,33,32,46,37,28,32,24,23,53,5,4,30,32,23,28,52,4,31,25,32,18,47,19,19,23,20,32,11,16,40,40,18,32,32,1,0,30,57,7,33,32,12,41,13,9,0,10,32,16,15,45,18,35,21,32,0,7,29,7,6,16,32,4,3,33,45,13,37,32,10,9,39,12,38,27,32,8,37,9,8,15,38,32,12,11,41,9,40,0,32,26,55,27,3,24,42,32,14,43,15,52,43,35,32,17,46,18,53,44,19,32,5,4,34,14,45,46,32,3,2,32,13,47,28,32,1,30,2,57,33,47,32,20,19,49,51,20,48,32,10,39,8,12,27,8,32,25,54,26,50,49,3,32,24,53,25,5,30,50,32,21,20,50,11,51,2,32,13,42,14,10,34,52,32,22,51,17,56,1,53,32,27,56,28,42,41,31,32,6,35,7,55,54,6,32,22,21,51,56,11,1,32,5,34,6,14,46,55],
    "vertices": [0.361506,0.438962,-0.051748,0.412808,0.438962,-0.051748,0.473999,0.594688,-0.051748,0.729889,0.594688,-0.051748,0.828165,0.346267,-0.051748,0.884412,0.346267,-0.051748,0.62914,0.995127,-0.051748,0.579692,0.995127,-0.051748,0.493159,0.644125,-0.051748,0.601944,0.920354,-0.051748,0.710728,0.644125,-0.051748,-0.36003,0.426682,-0.051739,-0.104242,0.57692,-0.051744,-0.104184,0.864848,-0.051741,-0.359913,1.0149,-0.051734,-0.615703,0.86466,-0.051729,-0.61576,0.576731,-0.051732,-0.36003,0.488478,-0.051739,-0.562019,0.607653,-0.051733,-0.561974,0.833176,-0.051731,-0.359937,0.9525,-0.051735,-0.158566,0.833325,-0.051741,-0.158611,0.607802,-0.051743,-0.003912,0.438927,-0.051745,0.298288,0.438961,-0.051748,0.298289,0.488356,-0.051747,0.050468,0.488332,-0.051746,0.050534,1.06869,-0.051743,-0.003836,1.06867,-0.051742,0.361403,0.439036,-0.065507,0.412705,0.439036,-0.065507,0.473896,0.594762,-0.065507,0.729786,0.594762,-0.065507,0.828062,0.346342,-0.065507,0.884309,0.346342,-0.065507,0.629037,0.995201,-0.065507,0.579589,0.995201,-0.065507,0.493056,0.644199,-0.065507,0.601841,0.920428,-0.065507,0.710625,0.644199,-0.065507,-0.360132,0.426755,-0.065498,-0.104344,0.576994,-0.065503,-0.104285,0.864922,-0.0655,-0.360013,1.01497,-0.065493,-0.615803,0.864732,-0.065488,-0.61586,0.576803,-0.065491,-0.360131,0.488551,-0.065498,-0.562119,0.607725,-0.065493,-0.562074,0.833249,-0.06549,-0.360037,0.952573,-0.065494,-0.158668,0.833399,-0.0655,-0.158713,0.607876,-0.065502,-0.004015,0.439001,-0.065505,0.298185,0.439035,-0.065507,0.298186,0.488431,-0.065507,0.050365,0.488406,-0.065505,0.050433,1.06876,-0.065502,-0.003938,1.06875,-0.065501],
    "normals": [0.68511,-0.391949,-0.613941,-0.478225,0.272408,-0.834895,-0.47557,-0.272713,-0.836299,0.300546,0.303018,0.904324,-0.574725,-0.579424,0.577868,0.579424,-0.5786,0.573962,-0.448744,0.659688,0.602832,-0.6816,-0.469344,0.561296,0.271157,0.186438,0.944273,0.689444,-0.395001,0.607105,0.689322,0.392254,0.609058,-0.474532,-0.268868,0.83813,-0.269356,0.183477,0.945372,-0.290414,-0.424177,0.857723,0.686422,-0.467727,0.55678,0.271493,0.183081,-0.944853,-0.687155,-0.463973,-0.559008,-0.452956,0.662679,-0.596332,-0.685354,-0.394757,0.611866,0.475143,0.272896,0.836482,0.477767,-0.272561,0.835109,-0.689291,-0.392285,-0.609058,0.471816,-0.269539,-0.839442,0.474105,0.269082,-0.838313,0.302347,0.299875,-0.904782,-0.579974,-0.575274,-0.576769,-0.579424,0.57857,-0.574023,-0.273324,0.186041,-0.943724,-0.287515,-0.425947,-0.857814,0.287881,-0.42143,-0.85992,0.575274,-0.576006,-0.580706,-0.575304,0.575976,0.580706,-0.001709,-0.79165,-0.61092,0.448531,-0.65978,-0.602863,0.685354,0.394787,-0.611866,-0.685141,0.39198,0.61388,-0.689413,0.394971,-0.607166,-0.451979,-0.660176,-0.599872,-0.000885,-0.204535,0.978851,0.000885,-0.202826,-0.979186,0.002045,-0.794733,0.606922,0.574694,0.579485,-0.577837,0.579913,0.575335,0.576739,-0.002045,0.794733,-0.606922,0.000763,0.542467,-0.840052,-0.447676,-0.663259,0.599658,0.682791,-0.46498,-0.563524,0.290445,-0.427259,0.856166,0.001007,-0.53853,-0.842586,0.574664,0.579455,-0.577868,0.579943,0.575274,0.576769,-0.001495,-0.542436,0.840052,0.001679,0.79165,0.61092,-0.001709,0.53853,0.842586,0.448378,0.662923,-0.599536,0.452651,0.659841,0.599719,-0.472182,0.269356,0.83932,0.452773,-0.662801,0.596362],
    "uvs": [],
    "metadata": {
        "type": "Geometry",
        "version": 3,
        "faces": 112,
        "uvs": 0,
        "normals": 58,
        "generator": "io_three",
        "vertices": 58
    }
}